{
    "pokemon": {
        "100": {
            "Name": "Voltorb",
            "Type1": "Electric",
            "Type2": "",
            "MaxCP": 845,
            "MaxHP": 75,
            "Icon": "../Bilder/sprites/100MS.png",
            "ImageURL": "http://cdn.bulbagarden.net/upload/thumb/d/da/100Voltorb.png/250px-100Voltorb.png",
            "Total": 330,
            "Hp": 40,
            "Attack": 30,
            "Defence": 50,
            "SpAttack": 55,
            "SpDefence": 55,
            "Speed": 100
        },
        "101": {
            "Name": "Electrode",
            "Type1": "Electric",
            "Type2": "",
            "MaxCP": 1657,
            "MaxHP": 107,
            "Icon": "../Bilder/sprites/101MS.png",
            "ImageURL": "http://cdn.bulbagarden.net/upload/thumb/8/84/101Electrode.png/250px-101Electrode.png",
            "Total": 490,
            "Hp": 60,
            "Attack": 50,
            "Defence": 70,
            "SpAttack": 80,
            "SpDefence": 80,
            "Speed": 150
        },
        "102": {
            "Name": "Exeggcute",
            "Type1": "Grass",
            "Type2": "Psychic",
            "MaxCP": 1107,
            "MaxHP": 107,
            "Icon": "../Bilder/sprites/102MS.png",
            "ImageURL": "http://cdn.bulbagarden.net/upload/thumb/a/af/102Exeggcute.png/250px-102Exeggcute.png",
            "Total": 325,
            "Hp": 60,
            "Attack": 40,
            "Defence": 80,
            "SpAttack": 60,
            "SpDefence": 45,
            "Speed": 40
        },
        "103": {
            "Name": "Exeggutor",
            "Type1": "Grass",
            "Type2": "Psychic",
            "MaxCP": 2976,
            "MaxHP": 162,
            "Icon": "../Bilder/sprites/103MS.png",
            "ImageURL": "http://cdn.bulbagarden.net/upload/thumb/2/24/103Exeggutor.png/250px-103Exeggutor.png",
            "Total": 530,
            "Hp": 95,
            "Attack": 95,
            "Defence": 85,
            "SpAttack": 125,
            "SpDefence": 75,
            "Speed": 55
        },
        "104": {
            "Name": "Cubone",
            "Type1": "Ground",
            "Type2": "",
            "MaxCP": 1013,
            "MaxHP": 91,
            "Icon": "../Bilder/sprites/104MS.png",
            "ImageURL": "http://cdn.bulbagarden.net/upload/thumb/2/2a/104Cubone.png/250px-104Cubone.png",
            "Total": 320,
            "Hp": 50,
            "Attack": 50,
            "Defence": 95,
            "SpAttack": 40,
            "SpDefence": 50,
            "Speed": 35
        },
        "105": {
            "Name": "Marowak",
            "Type1": "Ground",
            "Type2": "",
            "MaxCP": 1668,
            "MaxHP": 107,
            "Icon": "../Bilder/sprites/105MS.png",
            "ImageURL": "http://cdn.bulbagarden.net/upload/thumb/9/98/105Marowak.png/250px-105Marowak.png",
            "Total": 425,
            "Hp": 60,
            "Attack": 80,
            "Defence": 110,
            "SpAttack": 50,
            "SpDefence": 80,
            "Speed": 45
        },
        "106": {
            "Name": "Hitmonlee",
            "Type1": "Fighting",
            "Type2": "",
            "MaxCP": 1503,
            "MaxHP": 91,
            "Icon": "../Bilder/sprites/106MS.png",
            "ImageURL": "http://cdn.bulbagarden.net/upload/thumb/3/32/106Hitmonlee.png/250px-106Hitmonlee.png",
            "Total": 455,
            "Hp": 50,
            "Attack": 120,
            "Defence": 79,
            "SpAttack": 35,
            "SpDefence": 110,
            "Speed": 76
        },
        "107": {
            "Name": "Hitmonchan",
            "Type1": "Fighting",
            "Type2": "",
            "MaxCP": 1527,
            "MaxHP": 91,
            "Icon": "../Bilder/sprites/107MS.png",
            "ImageURL": "http://cdn.bulbagarden.net/upload/thumb/a/a3/107Hitmonchan.png/250px-107Hitmonchan.png",
            "Total": 455,
            "Hp": 50,
            "Attack": 105,
            "Defence": 79,
            "SpAttack": 35,
            "SpDefence": 110,
            "Speed": 76
        },
        "108": {
            "Name": "Lickitung",
            "Type1": "Normal",
            "Type2": "",
            "MaxCP": 1638,
            "MaxHP": 154,
            "Icon": "../Bilder/sprites/108MS.png",
            "ImageURL": "http://cdn.bulbagarden.net/upload/thumb/0/00/108Lickitung.png/250px-108Lickitung.png",
            "Total":  385,
            "Hp": 90,
            "Attack": 55,
            "Defence": 75,
            "SpAttack": 60,
            "SpDefence": 45,
            "Speed": 30
        },
        "109": {
            "Name": "Koffing",
            "Type1": "Poison",
            "Type2": "",
            "MaxCP": 1160,
            "MaxHP": 75,
            "Icon": "../Bilder/sprites/109MS.png",
            "ImageURL": "http://cdn.bulbagarden.net/upload/thumb/1/17/109Koffing.png/250px-109Koffing.png",
            "Total": 340,
            "Hp": 40,
            "Attack": 65,
            "Defence": 95,
            "SpAttack": 60,
            "SpDefence": 45,
            "Speed": 35
        },
        "110": {
            "Name": "Weezing",
            "Type1": "Poison",
            "Type2": "",
            "MaxCP": 2266,
            "MaxHP": 115,
            "Icon": "../Bilder/sprites/110MS.png",
            "ImageURL": "http://cdn.bulbagarden.net/upload/thumb/4/42/110Weezing.png/250px-110Weezing.png",
            "Total": 318,
            "Hp":65,
            "Attack": 90,
            "Defence": 120,
            "SpAttack": 85,
            "SpDefence": 70,
            "Speed": 60
        },
        "111": {
            "Name": "Rhyhorn",
            "Type1": "Ground",
            "Type2": "Rock",
            "MaxCP": 1190,
            "MaxHP": 138,
            "Icon": "../Bilder/sprites/111MS.png",
            "ImageURL": "http://cdn.bulbagarden.net/upload/thumb/9/9b/111Rhyhorn.png/250px-111Rhyhorn.png",
            "Total": 345,
            "Hp": 80,
            "Attack": 85,
            "Defence": 95,
            "SpAttack": 30,
            "SpDefence": 30,
            "Speed": 25
        },
        "112": {
            "Name": "Rhydon",
            "Type1": "Ground",
            "Type2": "Rock",
            "MaxCP": 2259,
            "MaxHP": 178,
            "Icon": "../Bilder/sprites/112MS.png",
            "ImageURL": "http://cdn.bulbagarden.net/upload/thumb/4/47/112Rhydon.png/250px-112Rhydon.png",
            "Total": 485,
            "Hp": 105,
            "Attack": 130,
            "Defence": 120,
            "SpAttack": 45,
            "SpDefence": 45,
            "Speed": 40
        },
        "113": {
            "Name": "Chansey",
            "Type1": "Normal",
            "Type2": "",
            "MaxCP": 679,
            "MaxHP": 408,
            "Icon": "../Bilder/sprites/113MS.png",
            "ImageURL": "http://cdn.bulbagarden.net/upload/thumb/c/cd/113Chansey.png/250px-113Chansey.png",
            "Total": 450,
            "Hp": 250,
            "Attack": 5,
            "Defence": 5,
            "SpAttack": 35,
            "SpDefence": 105,
            "Speed": 50
        },
        "114": {
            "Name": "Tangela",
            "Type1": "Grass",
            "Type2": "",
            "MaxCP": 1752,
            "MaxHP": 115,
            "Icon": "../Bilder/sprites/114MS.png",
            "ImageURL": "http://cdn.bulbagarden.net/upload/thumb/3/3e/114Tangela.png/250px-114Tangela.png",
            "Total": 435,
            "Hp": 65,
            "Attack": 55,
            "Defence": 115,
            "SpAttack": 100,
            "SpDefence": 40,
            "Speed": 60
        },
        "115": {
            "Name": "Kangaskhan",
            "Type1": "Normal",
            "Type2": "",
            "MaxCP": 2057,
            "MaxHP": 178,
            "Icon": "../Bilder/sprites/115MS.png",
            "ImageURL": "http://cdn.bulbagarden.net/upload/thumb/4/4e/115Kangaskhan.png/250px-115Kangaskhan.png",
            "Total": 490,
            "Hp": 65,
            "Attack": 55,
            "Defence": 115,
            "SpAttack": 100,
            "SpDefence": 40,
            "Speed": 60
        },
        "116": {
            "Name": "Horsea",
            "Type1": "Water",
            "Type2": "",
            "MaxCP": 800,
            "MaxHP": 59,
            "Icon": "../Bilder/sprites/116MS.png",
            "ImageURL": "http://cdn.bulbagarden.net/upload/thumb/5/5a/116Horsea.png/250px-116Horsea.png",
            "Total": 295,
            "Hp": 30,
            "Attack": 40,
            "Defence": 70,
            "SpAttack": 70,
            "SpDefence": 25,
            "Speed": 60
        },
        "117": {
            "Name": "Seadra",
            "Type1": "Water",
            "Type2": "",
            "MaxCP": 1725,
            "MaxHP": 99,
            "Icon": "../Bilder/sprites/117MS.png",
            "ImageURL": "http://cdn.bulbagarden.net/upload/thumb/2/26/117Seadra.png/250px-117Seadra.png",
            "Total": 440,
            "Hp": 55,
            "Attack": 65,
            "Defence": 95,
            "SpAttack": 95,
            "SpDefence": 45,
            "Speed": 85
        },
        "118": {
            "Name": "Goldeen",
            "Type1": "Water",
            "Type2": "",
            "MaxCP": 972,
            "MaxHP": 83,
            "Icon": "../Bilder/sprites/118MS.png",
            "ImageURL": "http://cdn.bulbagarden.net/upload/thumb/7/7b/118Goldeen.png/250px-118Goldeen.png",
            "Total": 320,
            "Hp": 45,
            "Attack": 67,
            "Defence": 60,
            "SpAttack": 35,
            "SpDefence": 50,
            "Speed": 63
        },
        "119": {
            "Name": "Seaking",
            "Type1": "Water",
            "Type2": "",
            "MaxCP": 2058,
            "MaxHP": 138,
            "Icon": "../Bilder/sprites/119MS.png",
            "ImageURL": "http://cdn.bulbagarden.net/upload/thumb/6/6a/119Seaking.png/250px-119Seaking.png",
            "Total": 450,
            "Hp": 55,
            "Attack": 65,
            "Defence": 95,
            "SpAttack": 95,
            "SpDefence": 45,
            "Speed": 85
        },
        "120": {
            "Name": "Staryu",
            "Type1": "Water",
            "Type2": "",
            "MaxCP": 944,
            "MaxHP": 59,
            "Icon": "../Bilder/sprites/120MS.png",
            "ImageURL": "http://cdn.bulbagarden.net/upload/thumb/4/4f/120Staryu.png/250px-120Staryu.png",
            "Total": 340,
            "Hp": 30,
            "Attack": 45,
            "Defence": 55,
            "SpAttack": 70,
            "SpDefence": 55,
            "Speed": 85
        },
        "121": {
            "Name": "Starmie",
            "Type1": "Water",
            "Type2": "Psychic",
            "MaxCP": 2197,
            "MaxHP": 107,
            "Icon": "../Bilder/sprites/121MS.png",
            "ImageURL": "http://cdn.bulbagarden.net/upload/thumb/c/cd/121Starmie.png/250px-121Starmie.png",
            "Total": 520,
            "Hp": 60,
            "Attack": 75,
            "Defence": 85,
            "SpAttack": 100,
            "SpDefence": 120,
            "Speed": 90
        },
        "122": {
            "Name": "Mr. Mime",
            "Type1": "Psychic",
            "Type2": "",
            "MaxCP": 1505,
            "MaxHP": 75,
            "Icon": "../Bilder/sprites/122MS.png",
            "ImageURL": "http://cdn.bulbagarden.net/upload/thumb/e/ec/122Mr._Mime.png/250px-122Mr._Mime.png",
            "Total": 460,
            "Hp": 40,
            "Attack": 45,
            "Defence": 65,
            "SpAttack": 100,
            "SpDefence": 120,
            "Speed": 90
        },
        "123": {
            "Name": "Scyther",
            "Type1": "Bug",
            "Type2": "Flying",
            "MaxCP": 2088,
            "MaxHP": 122,
            "Icon": "../Bilder/sprites/123MS.png",
            "ImageURL": "http://cdn.bulbagarden.net/upload/thumb/b/ba/123Scyther.png/250px-123Scyther.png",
            "Total": 500,
            "Hp": 70,
            "Attack": 110,
            "Defence": 80,
            "SpAttack": 55,
            "SpDefence": 80,
            "Speed": 105
        },
        "124": {
            "Name": "Jynx",
            "Type1": "Ice",
            "Type2": "Psychic",
            "MaxCP": 1728,
            "MaxHP": 115,
            "Icon": "../Bilder/sprites/124MS.png",
            "ImageURL": "http://cdn.bulbagarden.net/upload/thumb/7/7c/124Jynx.png/250px-124Jynx.png",
            "Total": 455,
            "Hp": 65,
            "Attack": 50,
            "Defence": 35,
            "SpAttack": 115,
            "SpDefence": 95,
            "Speed": 95
        },
        "125": {
            "Name": "Electabuzz",
            "Type1": "Electric",
            "Type2": "",
            "MaxCP": 2134,
            "MaxHP": 115,
            "Icon": "../Bilder/sprites/125MS.png",
            "ImageURL": "http://cdn.bulbagarden.net/upload/thumb/d/de/125Electabuzz.png/250px-125Electabuzz.png",
            "Total": 490,
            "Hp": 65,
            "Attack": 83,
            "Defence": 57,
            "SpAttack": 95,
            "SpDefence": 85,
            "Speed": 105
        },
        "126": {
            "Name": "Magmar",
            "Type1": "Fire",
            "Type2": "",
            "MaxCP": 2281,
            "MaxHP": 115,
            "Icon": "../Bilder/sprites/126MS.png",
            "ImageURL": "http://cdn.bulbagarden.net/upload/thumb/8/8c/126Magmar.png/250px-126Magmar.png",
            "Total": 495,
            "Hp": 65,
            "Attack": 95,
            "Defence": 57,
            "SpAttack": 100,
            "SpDefence": 85,
            "Speed": 93
        },
        "127": {
            "Name": "Pinsir",
            "Type1": "Bug",
            "Type2": "",
            "MaxCP": 2137,
            "MaxHP": 115,
            "Icon": "../Bilder/sprites/127MS.png",
            "ImageURL": "http://cdn.bulbagarden.net/upload/thumb/7/71/127Pinsir.png/250px-127Pinsir.png",
            "Total": 500,
            "Hp": 65,
            "Attack": 125,
            "Defence": 100,
            "SpAttack": 55,
            "SpDefence": 70,
            "Speed": 85
        },
        "128": {
            "Name": "Tauros",
            "Type1": "Normal",
            "Type2": "",
            "MaxCP": 1857,
            "MaxHP": 130,
            "Icon": "../Bilder/sprites/128MS.png",
            "ImageURL": "http://cdn.bulbagarden.net/upload/thumb/b/b8/128Tauros.png/250px-128Tauros.png",
            "Total": 490,
            "Hp": 75,
            "Attack": 100,
            "Defence": 95,
            "SpAttack": 40,
            "SpDefence": 70,
            "Speed": 110
        },
        "129": {
            "Name": "Magikarp",
            "Type1": "Water",
            "Type2": "",
            "MaxCP": 264,
            "MaxHP": 43,
            "Icon": "../Bilder/sprites/129MS.png",
            "ImageURL": "http://cdn.bulbagarden.net/upload/thumb/0/02/129Magikarp.png/250px-129Magikarp.png",
            "Total": 200,
            "Hp": 20,
            "Attack": 10,
            "Defence": 55,
            "SpAttack": 15,
            "SpDefence": 20,
            "Speed": 80
        },
        "130": {
            "Name": "Gyarados",
            "Type1": "Water",
            "Type2": "Flying",
            "MaxCP": 2708,
            "MaxHP": 162,
            "Icon": "../Bilder/sprites/130MS.png",
            "ImageURL": "http://cdn.bulbagarden.net/upload/thumb/4/41/130Gyarados.png/250px-130Gyarados.png",
            "Total": 540,
            "Hp": 95,
            "Attack": 125,
            "Defence": 79,
            "SpAttack": 60,
            "SpDefence": 100,
            "Speed": 81
        },
        "131": {
            "Name": "Lapras",
            "Type1": "Water",
            "Type2": "Ice",
            "MaxCP": 3002,
            "MaxHP": 218,
            "Icon": "../Bilder/sprites/131MS.png",
            "ImageURL": "http://cdn.bulbagarden.net/upload/thumb/a/ab/131Lapras.png/250px-131Lapras.png",
            "Total": 535,
            "Hp": 130,
            "Attack": 85,
            "Defence": 80,
            "SpAttack": 85,
            "SpDefence": 95,
            "Speed": 60
        },
        "132": {
            "Name": "Ditto",
            "Type1": "Normal",
            "Type2": "",
            "MaxCP": 926,
            "MaxHP": 88,
            "Icon": "../Bilder/sprites/132MS.png",
            "ImageURL": "http://cdn.bulbagarden.net/upload/thumb/3/36/132Ditto.png/250px-132Ditto.png",
            "Total": 288,
            "Hp": 48,
            "Attack": 48,
            "Defence": 48,
            "SpAttack": 48,
            "SpDefence": 48,
            "Speed": 48
        },
        "133": {
            "Name": "Eevee",
            "Type1": "Normal",
            "Type2": "",
            "MaxCP": 1084,
            "MaxHP": 99,
            "Icon": "../Bilder/sprites/133MS.png",
            "ImageURL": "http://cdn.bulbagarden.net/upload/thumb/e/e2/133Eevee.png/250px-133Eevee.png",
            "Total": 325,
            "Hp": 55,
            "Attack": 55,
            "Defence": 50,
            "SpAttack": 45,
            "SpDefence": 65,
            "Speed": 55
        },
        "134": {
            "Name": "Vaporeon",
            "Type1": "Water",
            "Type2": "",
            "MaxCP": 2836,
            "MaxHP": 218,
            "Icon": "../Bilder/sprites/134MS.png",
            "ImageURL": "http://cdn.bulbagarden.net/upload/thumb/f/fd/134Vaporeon.png/250px-134Vaporeon.png",
            "Total": 525,
            "Hp": 130,
            "Attack": 65,
            "Defence": 60,
            "SpAttack": 110,
            "SpDefence": 95,
            "Speed": 65
        },
        "135": {
            "Name": "Jolteon",
            "Type1": "Electric",
            "Type2": "",
            "MaxCP": 2155,
            "MaxHP": 115,
            "Icon": "../Bilder/sprites/135MS.png",
            "ImageURL": "http://cdn.bulbagarden.net/upload/thumb/b/bb/135Jolteon.png/250px-135Jolteon.png",
            "Total": 525,
            "Hp": 65,
            "Attack": 65,
            "Defence": 60,
            "SpAttack": 110,
            "SpDefence": 95,
            "Speed": 130
        },
        "136": {
            "Name": "Flareon",
            "Type1": "Fire",
            "Type2": "",
            "MaxCP": 2662,
            "MaxHP": 115,
            "Icon": "../Bilder/sprites/136MS.png",
            "ImageURL": "http://cdn.bulbagarden.net/upload/thumb/d/dd/136Flareon.png/250px-136Flareon.png",
            "Total": 525,
            "Hp": 65,
            "Attack": 130,
            "Defence": 60,
            "SpAttack": 95,
            "SpDefence": 110,
            "Speed": 65
        },
        "137": {
            "Name": "Porygon",
            "Type1": "Normal",
            "Type2": "",
            "MaxCP": 1703,
            "MaxHP": 115,
            "Icon": "../Bilder/sprites/137MS.png",
            "ImageURL": "http://cdn.bulbagarden.net/upload/thumb/6/6b/137Porygon.png/250px-137Porygon.png",
            "Total": 395,
            "Hp": 65,
            "Attack": 60,
            "Defence": 70,
            "SpAttack": 85,
            "SpDefence": 75,
            "Speed": 40
        },
        "138": {
            "Name": "Omanyte",
            "Type1": "Rock",
            "Type2": "Water",
            "MaxCP": 1127,
            "MaxHP": 67,
            "Icon": "../Bilder/sprites/138MS.png",
            "ImageURL": "http://cdn.bulbagarden.net/upload/thumb/7/79/138Omanyte.png/250px-138Omanyte.png",
            "Total": 355,
            "Hp": 35,
            "Attack": 40,
            "Defence": 100,
            "SpAttack": 90,
            "SpDefence": 55,
            "Speed": 35
        },
        "139": {
            "Name": "Omastar",
            "Type1": "Rock",
            "Type2": "Water",
            "MaxCP": 2249,
            "MaxHP": 122,
            "Icon": "../Bilder/sprites/139MS.png",
            "ImageURL": "http://cdn.bulbagarden.net/upload/thumb/4/43/139Omastar.png/250px-139Omastar.png",
            "Total": 495,
            "Hp": 70,
            "Attack": 60,
            "Defence": 125,
            "SpAttack": 115,
            "SpDefence": 70,
            "Speed": 55
        },
        "140": {
            "Name": "Kabuto",
            "Type1": "Rock",
            "Type2": "Water",
            "MaxCP": 1112,
            "MaxHP": 59,
            "Icon": "../Bilder/sprites/140MS.png",
            "ImageURL": "http://cdn.bulbagarden.net/upload/thumb/f/f9/140Kabuto.png/250px-140Kabuto.png",
            "Total": 355,
            "Hp": 30,
            "Attack": 80,
            "Defence": 90,
            "SpAttack": 55,
            "SpDefence": 45,
            "Speed": 55
        },
        "141": {
            "Name": "Kabutops",
            "Type1": "Rock",
            "Type2": "Water",
            "MaxCP": 2145,
            "MaxHP": 107,
            "Icon": "../Bilder/sprites/141MS.png",
            "ImageURL": "http://cdn.bulbagarden.net/upload/thumb/2/29/141Kabutops.png/250px-141Kabutops.png",
            "Total": 495,
            "Hp": 60,
            "Attack": 115,
            "Defence": 105,
            "SpAttack": 65,
            "SpDefence": 70,
            "Speed": 80
        },
        "142": {
            "Name": "Aerodactyl",
            "Type1": "Rock",
            "Type2": "Flying",
            "MaxCP": 2180,
            "MaxHP": 138,
            "Icon": "../Bilder/sprites/142MS.png",
            "ImageURL": "http://cdn.bulbagarden.net/upload/thumb/e/e8/142Aerodactyl.png/250px-142Aerodactyl.png",
            "Total": 515,
            "Hp": 80,
            "Attack": 105,
            "Defence": 65,
            "SpAttack": 60,
            "SpDefence": 75,
            "Speed": 130
        },
        "143": {
            "Name": "Snorlax",
            "Type1": "Normal",
            "Type2": "",
            "MaxCP": 3135,
            "MaxHP": 265,
            "Icon": "../Bilder/sprites/143MS.png",
            "ImageURL": "http://cdn.bulbagarden.net/upload/thumb/f/fb/143Snorlax.png/250px-143Snorlax.png",
            "Total": 540,
            "Hp": 160,
            "Attack": 110,
            "Defence": 65,
            "SpAttack": 65,
            "SpDefence": 110,
            "Speed": 30
        },
        "144": {
            "Name": "Articuno",
            "Type1": "Ice",
            "Type2": "Flying",
            "MaxCP": 2999,
            "MaxHP": 154,
            "Icon": "../Bilder/sprites/144MS.png",
            "ImageURL": "http://cdn.bulbagarden.net/upload/thumb/4/4e/144Articuno.png/250px-144Articuno.png",
            "Total": 580,
            "Hp": 90,
            "Attack": 85,
            "Defence": 100,
            "SpAttack": 95,
            "SpDefence": 125,
            "Speed": 85
        },
        "145": {
            "Name": "Zapdos",
            "Type1": "Electric",
            "Type2": "Flying",
            "MaxCP": 3136,
            "MaxHP": 154,
            "Icon": "../Bilder/sprites/145MS.png",
            "ImageURL": "http://cdn.bulbagarden.net/upload/thumb/e/e3/145Zapdos.png/250px-145Zapdos.png",
            "Total": 580,
            "Hp": 90,
            "Attack": 90,
            "Defence": 85,
            "SpAttack": 125,
            "SpDefence": 90,
            "Speed": 100
        },
        "146": {
            "Name": "Moltres",
            "Type1": "Fire",
            "Type2": "Flying",
            "MaxCP": 3263,
            "MaxHP": 154,
            "Icon": "../Bilder/sprites/146MS.png",
            "ImageURL": "http://cdn.bulbagarden.net/upload/thumb/1/1b/146Moltres.png/250px-146Moltres.png",
            "Total": 580,
            "Hp": 90,
            "Attack": 100,
            "Defence": 90,
            "SpAttack": 125,
            "SpDefence": 90,
            "Speed": 90
        },
        "147": {
            "Name": "Dratini",
            "Type1": "Dragon",
            "Type2": "",
            "MaxCP": 990,
            "MaxHP": 76,
            "Icon": "../Bilder/sprites/147MS.png",
            "ImageURL": "http://cdn.bulbagarden.net/upload/thumb/c/cc/147Dratini.png/250px-147Dratini.png",
            "Total": 300,
            "Hp": 41,
            "Attack": 64,
            "Defence": 45,
            "SpAttack": 50,
            "SpDefence": 50,
            "Speed": 50
        },
        "148": {
            "Name": "Dragonair",
            "Type1": "Dragon",
            "Type2": "",
            "MaxCP": 1760,
            "MaxHP": 108,
            "Icon": "../Bilder/sprites/148MS.png",
            "ImageURL": "http://cdn.bulbagarden.net/upload/thumb/9/93/148Dragonair.png/250px-148Dragonair.png",
            "Total": 420,
            "Hp": 61,
            "Attack": 84,
            "Defence": 65,
            "SpAttack": 70,
            "SpDefence": 70,
            "Speed": 70
        },
        "149": {
            "Name": "Dragonite",
            "Type1": "Dragon",
            "Type2": "Flying",
            "MaxCP": 3525,
            "MaxHP": 156,
            "Icon": "../Bilder/sprites/149MS.png",
            "ImageURL": "http://cdn.bulbagarden.net/upload/thumb/8/8b/149Dragonite.png/250px-149Dragonite.png",
            "Total": 600,
            "Hp": 91,
            "Attack": 134,
            "Defence": 95,
            "SpAttack": 100,
            "SpDefence": 100,
            "Speed": 80
        },
        "150": {
            "Name": "Mewtwo",
            "Type1": "Psychic",
            "Type2": "",
            "MaxCP": 4174,
            "MaxHP": 180,
            "Icon": "../Bilder/sprites/150MS.png",
            "ImageURL": "http://cdn.bulbagarden.net/upload/thumb/7/78/150Mewtwo.png/250px-150Mewtwo.png",
            "Total": 680,
            "Hp": 106,
            "Attack": 100,
            "Defence": 90,
            "SpAttack": 154,
            "SpDefence": 90,
            "Speed": 130
        },
        "151": {
            "Name": "Mew",
            "Type1": "Psychic",
            "Type2": "",
            "MaxCP": 3322,
            "MaxHP": 170,
            "Icon": "../Bilder/sprites/151MS.png",
            "ImageURL": "http://cdn.bulbagarden.net/upload/thumb/b/b1/151Mew.png/250px-151Mew.png",
            "Total": 600,
            "Hp": 100,
            "Attack": 100,
            "Defence": 100,
            "SpAttack": 100,
            "SpDefence": 100,
            "Speed": 100
        },
        "001": {
            "Name": "Bulbasaur",
            "Type1": "Grass",
            "Type2": "Poison",
            "MaxCP": 1079,
            "MaxHP": 83,
            "Icon": "../Bilder/sprites/001MS.png",
            "ImageURL": "http://cdn.bulbagarden.net/upload/thumb/2/21/001Bulbasaur.png/250px-001Bulbasaur.png",
            "Total": 318,
            "Hp": 45,
            "Attack": 49,
            "Defence": 49,
            "SpAttack": 65,
            "SpDefence": 65,
            "Speed": 45
        },
        "002": {
            "Name": "Ivysaur",
            "Type1": "Grass",
            "Type2": "Poison",
            "MaxCP": 1643,
            "MaxHP": 107,
            "Icon": "../Bilder/sprites/002MS.png",
            "ImageURL": "http://cdn.bulbagarden.net/upload/thumb/7/73/002Ivysaur.png/250px-002Ivysaur.png",
            "Total": 405,
            "Hp": 60,
            "Attack": 62,
            "Defence": 63,
            "SpAttack": 80,
            "SpDefence": 80,
            "Speed": 60
        },
        "003": {
            "Name": "Venusaur",
            "Type1": "Grass",
            "Type2": "Poison",
            "MaxCP": 2598,
            "MaxHP": 138,
            "Icon": "../Bilder/sprites/003MS.png",
            "ImageURL": "http://cdn.bulbagarden.net/upload/thumb/a/ae/003Venusaur.png/250px-003Venusaur.png",
            "Total": 525,
            "Hp": 80,
            "Attack": 82,
            "Defence": 83,
            "SpAttack": 100,
            "SpDefence": 100,
            "Speed": 80
        },
        "004": {
            "Name": "Charmander",
            "Type1": "Fire",
            "Type2": "",
            "MaxCP": 962,
            "MaxHP": 73,
            "Icon": "../Bilder/sprites/004MS.png",
            "ImageURL": "http://cdn.bulbagarden.net/upload/thumb/7/73/004Charmander.png/250px-004Charmander.png",
            "Total": 309,
            "Hp": 39,
            "Attack": 52,
            "Defence": 43,
            "SpAttack": 60,
            "SpDefence": 50,
            "Speed": 65
        },
        "005": {
            "Name": "Charmeleon",
            "Type1": "Fire",
            "Type2": "",
            "MaxCP": 1568,
            "MaxHP": 103,
            "Icon": "../Bilder/sprites/005MS.png",
            "ImageURL": "http://cdn.bulbagarden.net/upload/thumb/4/4a/005Charmeleon.png/250px-005Charmeleon.png",
            "Total": 405,
            "Hp": 58,
            "Attack": 64,
            "Defence": 58,
            "SpAttack": 80,
            "SpDefence": 65,
            "Speed": 80
        },
        "006": {
            "Name": "Charizard",
            "Type1": "Fire",
            "Type2": "Flying",
            "MaxCP": 2620,
            "MaxHP": 135,
            "Icon": "../Bilder/sprites/006MS.png",
            "ImageURL": "http://cdn.bulbagarden.net/upload/thumb/7/7e/006Charizard.png/250px-006Charizard.png",
            "Total": 534,
            "Hp": 78,
            "Attack": 130,
            "Defence": 111,
            "SpAttack": 130,
            "SpDefence": 85,
            "Speed": 100
        },
        "007": {
            "Name": "Squirtle",
            "Type1": "Water",
            "Type2": "",
            "MaxCP": 1015,
            "MaxHP": 81,
            "Icon": "../Bilder/sprites/007MS.png",
            "ImageURL": "http://cdn.bulbagarden.net/upload/thumb/3/39/007Squirtle.png/250px-007Squirtle.png",
            "Total": 314,
            "Hp": 44,
            "Attack": 48,
            "Defence": 65,
            "SpAttack": 50,
            "SpDefence": 64,
            "Speed": 43
        },
        "008": {
            "Name": "Wartortle",
            "Type1": "Water",
            "Type2": "",
            "MaxCP": 1594,
            "MaxHP": 105,
            "Icon": "../Bilder/sprites/008MS.png",
            "ImageURL": "http://cdn.bulbagarden.net/upload/thumb/0/0c/008Wartortle.png/250px-008Wartortle.png",
            "Total": 405,
            "Hp": 59,
            "Attack": 63,
            "Defence": 80,
            "SpAttack": 65,
            "SpDefence": 80,
            "Speed": 58
        },
        "009": {
            "Name": "Blastoise",
            "Type1": "Water",
            "Type2": "",
            "MaxCP": 2560,
            "MaxHP": 137,
            "Icon": "../Bilder/sprites/009MS.png",
            "ImageURL": "http://cdn.bulbagarden.net/upload/thumb/0/02/009Blastoise.png/250px-009Blastoise.png",
            "Total": 530,
            "Hp": 79,
            "Attack": 83,
            "Defence": 100,
            "SpAttack": 85,
            "SpDefence": 105,
            "Speed": 78
        },
        "010": {
            "Name": "Caterpie",
            "Type1": "Bug",
            "Type2": "",
            "MaxCP": 446,
            "MaxHP": 83,
            "Icon": "../Bilder/sprites/010MS.png",
            "ImageURL": "http://cdn.bulbagarden.net/upload/thumb/5/5d/010Caterpie.png/250px-010Caterpie.png",
            "Total": 195,
            "Hp": 45,
            "Attack": 30,
            "Defence": 35,
            "SpAttack": 20,
            "SpDefence": 20,
            "Speed": 45
        },
        "011": {
            "Name": "Metapod",
            "Type1": "Bug",
            "Type2": "",
            "MaxCP": 481,
            "MaxHP": 91,
            "Icon": "../Bilder/sprites/011MS.png",
            "ImageURL": "http://cdn.bulbagarden.net/upload/thumb/c/cd/011Metapod.png/250px-011Metapod.png",
            "Total": 205,
            "Hp": 50,
            "Attack": 20,
            "Defence": 55,
            "SpAttack": 25,
            "SpDefence": 25,
            "Speed": 30
        },
        "012": {
            "Name": "Butterfree",
            "Type1": "Bug",
            "Type2": "Flying",
            "MaxCP": 1465,
            "MaxHP": 107,
            "Icon": "../Bilder/sprites/012MS.png",
            "ImageURL": "http://cdn.bulbagarden.net/upload/thumb/d/d1/012Butterfree.png/250px-012Butterfree.png",
            "Total": 395,
            "Hp": 60,
            "Attack": 45,
            "Defence": 50,
            "SpAttack": 90,
            "SpDefence": 80,
            "Speed": 70
        },
        "013": {
            "Name": "Weedle",
            "Type1": "Bug",
            "Type2": "Poison",
            "MaxCP": 452,
            "MaxHP": 75,
            "Icon": "../Bilder/sprites/013MS.png",
            "ImageURL": "http://cdn.bulbagarden.net/upload/thumb/d/df/013Weedle.png/250px-013Weedle.png",
            "Total": 195,
            "Hp": 40,
            "Attack": 35,
            "Defence": 30,
            "SpAttack": 20,
            "SpDefence": 20,
            "Speed": 50
        },
        "014": {
            "Name": "Kakuna",
            "Type1": "Bug",
            "Type2": "Poison",
            "MaxCP": 488,
            "MaxHP": 83,
            "Icon": "../Bilder/sprites/014MS.png",
            "ImageURL": "http://cdn.bulbagarden.net/upload/thumb/f/f0/014Kakuna.png/250px-014Kakuna.png",
            "Total": 205,
            "Hp": 45,
            "Attack": 25,
            "Defence": 50,
            "SpAttack": 25,
            "SpDefence": 25,
            "Speed": 35
        },
        "015": {
            "Name": "Beedrill",
            "Type1": "Bug",
            "Type2": "Poison",
            "MaxCP": 1450,
            "MaxHP": 115,
            "Icon": "../Bilder/sprites/015MS.png",
            "ImageURL": "http://cdn.bulbagarden.net/upload/thumb/6/61/015Beedrill.png/250px-015Beedrill.png",
            "Total": 395,
            "Hp": 65,
            "Attack": 90,
            "Defence": 40,
            "SpAttack": 45,
            "SpDefence": 80,
            "Speed": 75
        },
        "016": {
            "Name": "Pidgey",
            "Type1": "Normal",
            "Type2": "Flying",
            "MaxCP": 684,
            "MaxHP": 75,
            "Icon": "../Bilder/sprites/016MS.png",
            "ImageURL": "http://cdn.bulbagarden.net/upload/thumb/5/55/016Pidgey.png/250px-016Pidgey.png",
            "Total": 251,
            "Hp": 40,
            "Attack": 45,
            "Defence": 40,
            "SpAttack": 35,
            "SpDefence": 35,
            "Speed": 56
        },
        "017": {
            "Name": "Pidgeotto",
            "Type1": "Normal",
            "Type2": "Flying",
            "MaxCP": 1232,
            "MaxHP": 111,
            "Icon": "../Bilder/sprites/017MS.png",
            "ImageURL": "http://cdn.bulbagarden.net/upload/thumb/7/7a/017Pidgeotto.png/250px-017Pidgeotto.png",
            "Total": 349,
            "Hp": 63,
            "Attack": 60,
            "Defence": 55,
            "SpAttack": 50,
            "SpDefence": 50,
            "Speed": 71
        },
        "018": {
            "Name": "Pidgeot",
            "Type1": "Normal",
            "Type2": "Flying",
            "MaxCP": 2106,
            "MaxHP": 143,
            "Icon": "../Bilder/sprites/018MS.png",
            "ImageURL": "http://cdn.bulbagarden.net/upload/thumb/5/57/018Pidgeot.png/250px-018Pidgeot.png",
            "Total": 479,
            "Hp": 83,
            "Attack": 80,
            "Defence": 75,
            "SpAttack": 70,
            "SpDefence": 70,
            "Speed": 101
        },
        "019": {
            "Name": "Rattata",
            "Type1": "Normal",
            "Type2": "",
            "MaxCP": 585,
            "MaxHP": 59,
            "Icon": "../Bilder/sprites/019MS.png",
            "ImageURL": "http://cdn.bulbagarden.net/upload/thumb/4/46/019Rattata.png/250px-019Rattata.png",
            "Total": 253,
            "Hp": 30,
            "Attack": 56,
            "Defence": 35,
            "SpAttack": 25,
            "SpDefence": 35,
            "Speed": 72
        },
        "020": {
            "Name": "Raticate",
            "Type1": "Normal",
            "Type2": "",
            "MaxCP": 1454,
            "MaxHP": 99,
            "Icon": "../Bilder/sprites/020MS.png",
            "ImageURL": "http://cdn.bulbagarden.net/upload/thumb/f/f4/020Raticate.png/250px-020Raticate.png",
            "Total": 413,
            "Hp": 55,
            "Attack": 83,
            "Defence": 60,
            "SpAttack": 50,
            "SpDefence": 70,
            "Speed": 97
        },
        "021": {
            "Name": "Spearow",
            "Type1": "Normal",
            "Type2": "Flying",
            "MaxCP": 691,
            "MaxHP": 75,
            "Icon": "../Bilder/sprites/021MS.png",
            "ImageURL": "http://cdn.bulbagarden.net/upload/thumb/8/8b/021Spearow.png/250px-021Spearow.png",
            "Total": 262,
            "Hp": 65,
            "Attack": 90,
            "Defence": 30,
            "SpAttack": 31,
            "SpDefence": 31,
            "Speed": 70
        },
        "022": {
            "Name": "Fearow",
            "Type1": "Normal",
            "Type2": "Flying",
            "MaxCP": 1758,
            "MaxHP": 115,
            "Icon": "../Bilder/sprites/022MS.png",
            "ImageURL": "http://cdn.bulbagarden.net/upload/thumb/a/a0/022Fearow.png/250px-022Fearow.png",
            "Total": 442,
            "Hp": 65,
            "Attack": 90,
            "Defence": 65,
            "SpAttack": 61,
            "SpDefence": 61,
            "Speed": 100
        },
        "023": {
            "Name": "Ekans",
            "Type1": "Poison",
            "Type2": "",
            "MaxCP": 830,
            "MaxHP": 67,
            "Icon": "../Bilder/sprites/023MS.png",
            "ImageURL": "http://cdn.bulbagarden.net/upload/thumb/f/fa/023Ekans.png/250px-023Ekans.png",
            "Total": 288,
            "Hp": 35,
            "Attack": 60,
            "Defence": 44,
            "SpAttack": 40,
            "SpDefence": 54,
            "Speed": 55
        },
        "024": {
            "Name": "Arbok",
            "Type1": "Poison",
            "Type2": "",
            "MaxCP": 1779,
            "MaxHP": 107,
            "Icon": "../Bilder/sprites/024MS.png",
            "ImageURL": "http://cdn.bulbagarden.net/upload/thumb/c/cd/024Arbok.png/250px-024Arbok.png",
            "Total": 448,
            "Hp": 60,
            "Attack": 95,
            "Defence": 69,
            "SpAttack":65,
            "SpDefence": 79,
            "Speed": 80
        },
        "025": {
            "Name": "Pikachu",
            "Type1": "Electric",
            "Type2": "",
            "MaxCP": 894,
            "MaxHP": 67,
            "Icon": "../Bilder/sprites/025MS.png",
            "ImageURL": "http://cdn.bulbagarden.net/upload/thumb/0/0d/025Pikachu.png/250px-025Pikachu.png",
            "Total": 320,
            "Hp": 35,
            "Attack": 55,
            "Defence": 40,
            "SpAttack": 50,
            "SpDefence": 50,
            "Speed": 90
        },
        "026": {
            "Name": "Raichu",
            "Type1": "Electric",
            "Type2": "",
            "MaxCP": 2042,
            "MaxHP": 107,
            "Icon": "../Bilder/sprites/026MS.png",
            "ImageURL": "http://cdn.bulbagarden.net/upload/thumb/8/88/026Raichu.png/250px-026Raichu.png",
            "Total": 485,
            "Hp": 60,
            "Attack": 90,
            "Defence": 55,
            "SpAttack": 90,
            "SpDefence": 80,
            "Speed": 110
        },
        "027": {
            "Name": "Sandshrew",
            "Type1": "Ground",
            "Type2": "",
            "MaxCP": 804,
            "MaxHP": 91,
            "Icon": "../Bilder/sprites/027MS.png",
            "ImageURL": "http://cdn.bulbagarden.net/upload/thumb/9/9e/027Sandshrew.png/250px-027Sandshrew.png",
            "Total": 300,
            "Hp": 50,
            "Attack": 75,
            "Defence": 85,
            "SpAttack": 20,
            "SpDefence": 30,
            "Speed": 40
        },
        "028": {
            "Name": "Sandslash",
            "Type1": "Ground",
            "Type2": "",
            "MaxCP": 1823,
            "MaxHP": 130,
            "Icon": "../Bilder/sprites/028MS.png",
            "ImageURL": "http://cdn.bulbagarden.net/upload/thumb/0/0b/028Sandslash.png/250px-028Sandslash.png",
            "Total": 450,
            "Hp": 75,
            "Attack": 100,
            "Defence": 110,
            "SpAttack": 45,
            "SpDefence": 55,
            "Speed": 65
        },
        "029": {
            "Name": "Nidoran♀",
            "Type1": "Poison",
            "Type2": "",
            "MaxCP": 882,
            "MaxHP": 99,
            "Icon": "../Bilder/sprites/029MS.png",
            "ImageURL": "http://cdn.bulbagarden.net/upload/thumb/8/81/029Nidoran.png/250px-029Nidoran.png",
            "Total": 275,
            "Hp": 55,
            "Attack": 47,
            "Defence": 52,
            "SpAttack": 40,
            "SpDefence": 40,
            "Speed": 41
        },
        "030": {
            "Name": "Nidorina",
            "Type1": "Poison",
            "Type2": "",
            "MaxCP": 1414,
            "MaxHP": 122,
            "Icon": "../Bilder/sprites/030MS.png",
            "ImageURL": "http://cdn.bulbagarden.net/upload/thumb/c/cd/030Nidorina.png/250px-030Nidorina.png",
            "Total": 365,
            "Hp": 70,
            "Attack": 62,
            "Defence": 67,
            "SpAttack": 55,
            "SpDefence": 55,
            "Speed": 57
        },
        "031": {
            "Name": "Nidoqueen",
            "Type1": "Poison",
            "Type2": "Ground",
            "MaxCP": 2502,
            "MaxHP": 154,
            "Icon": "../Bilder/sprites/031MS.png",
            "ImageURL": "http://cdn.bulbagarden.net/upload/thumb/b/bf/031Nidoqueen.png/250px-031Nidoqueen.png",
            "Total": 505,
            "Hp": 90,
            "Attack": 92,
            "Defence": 87,
            "SpAttack": 75,
            "SpDefence": 85,
            "Speed": 76
        },
        "032": {
            "Name": "Nidoran♂",
            "Type1": "Poison",
            "Type2": "",
            "MaxCP": 849,
            "MaxHP": 84,
            "Icon": "../Bilder/sprites/032MS.png",
            "ImageURL": "http://cdn.bulbagarden.net/upload/thumb/4/4a/032Nidoran.png/250px-032Nidoran.png",
            "Total": 273,
            "Hp": 46,
            "Attack": 57,
            "Defence": 40,
            "SpAttack": 40,
            "SpDefence": 40,
            "Speed": 50
        },
        "033": {
            "Name": "Nidorino",
            "Type1": "Poison",
            "Type2": "",
            "MaxCP": 1382,
            "MaxHP": 108,
            "Icon": "../Bilder/sprites/033MS.png",
            "ImageURL": "http://cdn.bulbagarden.net/upload/thumb/9/9f/033Nidorino.png/250px-033Nidorino.png",
            "Total": 365,
            "Hp": 61,
            "Attack": 72,
            "Defence": 57,
            "SpAttack": 55,
            "SpDefence": 55,
            "Speed": 65
        },
        "034": {
            "Name": "Nidoking",
            "Type1": "Poison",
            "Type2": "Ground",
            "MaxCP": 2492,
            "MaxHP": 140,
            "Icon": "../Bilder/sprites/034MS.png",
            "ImageURL": "http://cdn.bulbagarden.net/upload/thumb/c/c6/034Nidoking.png/250px-034Nidoking.png",
          "Total": 505,
            "Hp": 81,
            "Attack": 102,
            "Defence": 77,
            "SpAttack": 85,
            "SpDefence":75,
            "Speed": 85
        },
        "035": {
            "Name": "Clefairy",
            "Type1": "Normal",
            "Type2": "",
            "MaxCP": 1209,
            "MaxHP": 122,
            "Icon": "../Bilder/sprites/035MS.png",
            "ImageURL": "http://cdn.bulbagarden.net/upload/thumb/f/f4/035Clefairy.png/250px-035Cle.png",
            "Total": 318,
            "Hp": 45,
            "Attack": 49,
            "Defence": 49,
            "SpAttack": 65,
            "SpDefence": 65,
            "Speed": 45
        },
        "036": {
            "Name": "Clefable",
            "Type1": "Normal",
            "Type2": "",
            "MaxCP": 2414,
            "MaxHP": 162,
            "Icon": "../Bilder/sprites/036MS.png",
            "ImageURL": "http://cdn.bulbagarden.net/upload/thumb/a/a9/036Clefable.png/250px-036Clefable.png",
            "Total": 323,
            "Hp": 70,
            "Attack": 45,
            "Defence": 48,
            "SpAttack": 60,
            "SpDefence": 65,
            "Speed": 35
        },
        "037": {
            "Name": "Vulpix",
            "Type1": "Fire",
            "Type2": "",
            "MaxCP": 837,
            "MaxHP": 72,
            "Icon": "../Bilder/sprites/037MS.png",
            "ImageURL": "http://cdn.bulbagarden.net/upload/thumb/6/60/037Vulpix.png/250px-037Vulpix.png",
            "Total": 299,
            "Hp": 38,
            "Attack": 41,
            "Defence": 40,
            "SpAttack": 50,
            "SpDefence": 65,
            "Speed": 65
        },
        "038": {
            "Name": "Ninetales",
            "Type1": "Fire",
            "Type2": "",
            "MaxCP": 2203,
            "MaxHP": 127,
            "Icon": "../Bilder/sprites/038MS.png",
            "ImageURL": "http://cdn.bulbagarden.net/upload/thumb/0/05/038Ninetales.png/250px-038Ninetales.png",
            "Total": 505,
            "Hp": 73,
            "Attack": 76,
            "Defence": 75,
            "SpAttack": 81,
            "SpDefence": 100,
            "Speed": 100
        },
        "039": {
            "Name": "Jigglypuff",
            "Type1": "Normal",
            "Type2": "",
            "MaxCP": 924,
            "MaxHP": 194,
            "Icon": "../Bilder/sprites/039MS.png",
            "ImageURL": "http://cdn.bulbagarden.net/upload/thumb/3/3e/039Jigglypuff.png/250px-039Jigglypuff.png",
            "Total": 270,
            "Hp": 115,
            "Attack": 45,
            "Defence": 20,
            "SpAttack": 45,
            "SpDefence": 25,
            "Speed": 20
        },
        "040": {
            "Name": "Wigglytuff",
            "Type1": "Normal",
            "Type2": "",
            "MaxCP": 2192,
            "MaxHP": 233,
            "Icon": "../Bilder/sprites/040MS.png",
            "ImageURL": "http://cdn.bulbagarden.net/upload/thumb/9/92/040Wigglytuff.png/250px-040Wigglytuff.png",
            "Total": 435,
            "Hp": 140,
            "Attack": 70,
            "Defence": 45,
            "SpAttack": 85,
            "SpDefence": 50,
            "Speed": 45
        },
        "041": {
            "Name": "Zubat",
            "Type1": "Poison",
            "Type2": "Flying",
            "MaxCP": 647,
            "MaxHP": 75,
            "Icon": "../Bilder/sprites/041MS.png",
            "ImageURL": "http://cdn.bulbagarden.net/upload/thumb/d/da/041Zubat.png/250px-041Zubat.png",
            "Total": 245,
            "Hp": 40,
            "Attack": 45,
            "Defence": 35,
            "SpAttack": 30,
            "SpDefence": 40,
            "Speed": 55
        },
        "042": {
            "Name": "Golbat",
            "Type1": "Poison",
            "Type2": "Flying",
            "MaxCP": 1935,
            "MaxHP": 130,
            "Icon": "../Bilder/sprites/422MS.png",
            "ImageURL": "http://cdn.bulbagarden.net/upload/thumb/0/0c/042Golbat.png/250px-042Golbat.png",
            "Total": 455,
            "Hp": 75,
            "Attack": 80,
            "Defence": 70,
            "SpAttack": 65,
            "SpDefence": 75,
            "Speed": 90
        },
        "043": {
            "Name": "Oddish",
            "Type1": "Grass",
            "Type2": "Poison",
            "MaxCP": 1156,
            "MaxHP": 83,
            "Icon": "../Bilder/sprites/043MS.png",
            "ImageURL": "http://cdn.bulbagarden.net/upload/thumb/4/43/043Oddish.png/250px-043Oddish.png",
            "Total": 320,
            "Hp": 45,
            "Attack": 50,
            "Defence": 55,
            "SpAttack": 75,
            "SpDefence": 65,
            "Speed": 30
        },
        "044": {
            "Name": "Gloom",
            "Type1": "Grass",
            "Type2": "Poison",
            "MaxCP": 1701,
            "MaxHP": 107,
            "Icon": "../Bilder/sprites/044MS.png",
            "ImageURL": "http://cdn.bulbagarden.net/upload/thumb/2/2a/044Gloom.png/250px-044Gloom.png",
            "Total": 395,
            "Hp": 60,
            "Attack": 65,
            "Defence": 70,
            "SpAttack": 85,
            "SpDefence": 75,
            "Speed": 40
        },
        "045": {
            "Name": "Vileplume",
            "Type1": "Grass",
            "Type2": "Poison",
            "MaxCP": 2510,
            "MaxHP": 130,
            "Icon": "../Bilder/sprites/045MS.png",
            "ImageURL": "http://cdn.bulbagarden.net/upload/thumb/6/6a/045Vileplume.png/250px-045Vileplume.png",
            "Total": 490,
            "Hp": 75,
            "Attack": 80,
            "Defence": 85,
            "SpAttack": 110,
            "SpDefence": 90,
            "Speed": 50
        },
        "046": {
            "Name": "Paras",
            "Type1": "Bug",
            "Type2": "Grass",
            "MaxCP": 923,
            "MaxHP": 67,
            "Icon": "../Bilder/sprites/046MS.png",
            "ImageURL": "http://cdn.bulbagarden.net/upload/thumb/d/d4/046Paras.png/250px-046Paras.png",
            "Total": 285,
            "Hp": 35,
            "Attack": 70,
            "Defence": 55,
            "SpAttack": 45,
            "SpDefence": 55,
            "Speed": 25
        },
        "047": {
            "Name": "Parasect",
            "Type1": "Bug",
            "Type2": "Grass",
            "MaxCP": 1759,
            "MaxHP": 107,
            "Icon": "../Bilder/sprites/047MS.png",
            "ImageURL": "http://cdn.bulbagarden.net/upload/thumb/8/80/047Parasect.png/250px-047Parasect.png",
            "Total":405,
            "Hp": 60,
            "Attack": 95,
            "Defence": 80,
            "SpAttack": 60,
            "SpDefence": 80,
            "Speed": 30
        },
        "048": {
            "Name": "Venonat",
            "Type1": "Bug",
            "Type2": "Poison",
            "MaxCP": 1036,
            "MaxHP": 107,
            "Icon": "../Bilder/sprites/048MS.png",
            "ImageURL": "http://cdn.bulbagarden.net/upload/thumb/a/ad/048Venonat.png/250px-048Venonat.png",
            "Total": 305,
            "Hp": 60,
            "Attack": 55,
            "Defence": 50,
            "SpAttack": 40,
            "SpDefence": 55,
            "Speed": 30
        },
        "049": {
            "Name": "Venomoth",
            "Type1": "Bug",
            "Type2": "Poison",
            "MaxCP": 1903,
            "MaxHP": 122,
            "Icon": "../Bilder/sprites/049MS.png",
            "ImageURL": "http://cdn.bulbagarden.net/upload/thumb/d/d3/049Venomoth.png/250px-049Venomoth.png",
            "Total": 450,
            "Hp": 70,
            "Attack": 65,
            "Defence": 60,
            "SpAttack": 90,
            "SpDefence": 75,
            "Speed": 90
        },
        "050": {
            "Name": "Diglett",
            "Type1": "Ground",
            "Type2": "",
            "MaxCP": 460,
            "MaxHP": 27,
            "Icon": "../Bilder/sprites/050MS.png",
            "ImageURL": "http://cdn.bulbagarden.net/upload/thumb/3/31/050Diglett.png/250px-050Diglett.png",
            "Total": 265,
            "Hp": 10,
            "Attack": 55,
            "Defence": 25,
            "SpAttack": 35,
            "SpDefence": 45,
            "Speed": 90
        },
        "051": {
            "Name": "Dugtrio",
            "Type1": "Ground",
            "Type2": "",
            "MaxCP": 1176,
            "MaxHP": 67,
            "Icon": "../Bilder/sprites/051MS.png",
            "ImageURL": "http://cdn.bulbagarden.net/upload/thumb/e/e5/051Dugtrio.png/250px-051Dugtrio.png",
            "Total": 425,
            "Hp": 35,
            "Attack": 100,
            "Defence": 50,
            "SpAttack": 50,
            "SpDefence": 70,
            "Speed": 120
        },
        "052": {
            "Name": "Meowth",
            "Type1": "Normal",
            "Type2": "",
            "MaxCP": 761,
            "MaxHP": 75,
            "Icon": "../Bilder/sprites/052MS.png",
            "ImageURL": "http://cdn.bulbagarden.net/upload/thumb/d/d6/052Meowth.png/250px-052Meowth.png",
            "Total": 290,
            "Hp": 40,
            "Attack": 35,
            "Defence": 40,
            "SpAttack": 40,
            "SpDefence": 40,
            "Speed": 90
        },
        "053": {
            "Name": "Persian",
            "Type1": "Normal",
            "Type2": "",
            "MaxCP": 1643,
            "MaxHP": 115,
            "Icon": "../Bilder/sprites/053MS.png",
            "ImageURL": "http://cdn.bulbagarden.net/upload/thumb/1/13/053Persian.png/250px-053Persian.png",
            "Total": 440,
            "Hp": 65,
            "Attack": 70,
            "Defence": 60,
            "SpAttack": 65,
            "SpDefence": 65,
            "Speed":  115
        },
        "054": {
            "Name": "Psyduck",
            "Type1": "Water",
            "Type2": "",
            "MaxCP": 1117,
            "MaxHP": 91,
            "Icon": "../Bilder/sprites/054MS.png",
            "ImageURL": "http://cdn.bulbagarden.net/upload/thumb/5/53/054Psyduck.png/250px-054Psyduck.png",
            "Total": 320,
            "Hp": 50,
            "Attack": 52,
            "Defence": 48,
            "SpAttack": 65,
            "SpDefence": 50,
            "Speed": 55
        },
        "055": {
            "Name": "Golduck",
            "Type1": "Water",
            "Type2": "",
            "MaxCP": 2403,
            "MaxHP": 138,
            "Icon": "../Bilder/sprites/055MS.png",
            "ImageURL": "http://cdn.bulbagarden.net/upload/thumb/f/fe/055Golduck.png/250px-055Golduck.png",
            "Total": 500,
            "Hp": 80,
            "Attack": 82,
            "Defence": 78,
            "SpAttack": 95,
            "SpDefence": 80,
            "Speed": 85
        },
        "056": {
            "Name": "Mankey",
            "Type1": "Fighting",
            "Type2": "",
            "MaxCP": 884,
            "MaxHP": 75,
            "Icon": "../Bilder/sprites/056MS.png",
            "ImageURL": "http://cdn.bulbagarden.net/upload/thumb/4/41/056Mankey.png/250px-056Mankey.png",
            "Total": 305,
            "Hp": 40,
            "Attack": 80,
            "Defence": 35,
            "SpAttack": 35,
            "SpDefence": 45,
            "Speed": 70
        },
        "057": {
            "Name": "Primeape",
            "Type1": "Fighting",
            "Type2": "",
            "MaxCP": 1877,
            "MaxHP": 115,
            "Icon": "../Bilder/sprites/057MS.png",
            "ImageURL": "http://cdn.bulbagarden.net/upload/thumb/9/9a/057Primeape.png/250px-057Primeape.png",
            "Total": 455,
            "Hp": 65,
            "Attack": 105,
            "Defence": 60,
            "SpAttack": 60,
            "SpDefence": 70,
            "Speed": 95
        },
        "058": {
            "Name": "Growlithe",
            "Type1": "Fire",
            "Type2": "",
            "MaxCP": 1344,
            "MaxHP": 99,
            "Icon": "../Bilder/sprites/058MS.png",
            "ImageURL": "http://cdn.bulbagarden.net/upload/thumb/3/3d/058Growlithe.png/250px-058Growlithe.png",
            "Total": 350,
            "Hp": 55,
            "Attack": 70,
            "Defence": 45,
            "SpAttack": 70,
            "SpDefence": 50,
            "Speed": 60
        },
        "059": {
            "Name": "Arcanine",
            "Type1": "Fire",
            "Type2": "",
            "MaxCP": 3005,
            "MaxHP": 154,
            "Icon": "../Bilder/sprites/059MS.png",
            "ImageURL": "http://cdn.bulbagarden.net/upload/thumb/b/b8/059Arcanine.png/250px-059Arcanine.png",
            "Total": 555,
            "Hp": 90,
            "Attack": 110,
            "Defence": 80,
            "SpAttack": 100,
            "SpDefence": 80,
            "Speed": 95
        },
        "060": {
            "Name": "Poliwag",
            "Type1": "Water",
            "Type2": "",
            "MaxCP": 801,
            "MaxHP": 75,
            "Icon": "../Bilder/sprites/060MS.png",
            "ImageURL": "http://cdn.bulbagarden.net/upload/thumb/4/49/060Poliwag.png/250px-060Poliwag.png",
            "Total": 300,
            "Hp": 40,
            "Attack": 50,
            "Defence": 40,
            "SpAttack": 40,
            "SpDefence": 40,
            "Speed": 90
        },
        "061": {
            "Name": "Poliwhirl",
            "Type1": "Water",
            "Type2": "",
            "MaxCP": 1350,
            "MaxHP": 115,
            "Icon": "../Bilder/sprites/061MS.png",
            "ImageURL": "http://cdn.bulbagarden.net/upload/thumb/a/a9/061Poliwhirl.png/250px-061Poliwhirl.png",
            "Total": 385,
            "Hp": 65,
            "Attack": 65,
            "Defence": 65,
            "SpAttack": 70,
            "SpDefence": 50,
            "Speed": 90
        },
        "062": {
            "Name": "Poliwrath",
            "Type1": "Water",
            "Type2": "Fighting",
            "MaxCP": 2523,
            "MaxHP": 154,
            "Icon": "../Bilder/sprites/062MS.png",
            "ImageURL": "http://cdn.bulbagarden.net/upload/thumb/2/2d/062Poliwrath.png/250px-062Poliwrath.png",
            "Total": 510,
            "Hp": 90,
            "Attack": 95,
            "Defence": 95,
            "SpAttack": 70,
            "SpDefence": 90,
            "Speed": 70
        },
        "063": {
            "Name": "Abra",
            "Type1": "Psychic",
            "Type2": "",
            "MaxCP": 604,
            "MaxHP": 51,
            "Icon": "../Bilder/sprites/063MS.png",
            "ImageURL": "http://cdn.bulbagarden.net/upload/thumb/6/62/063Abra.png/250px-063Abra.png",
            "Total": 310,
            "Hp": 25,
            "Attack": 20,
            "Defence": 15,
            "SpAttack": 105,
            "SpDefence": 55,
            "Speed": 90
        },
        "064": {
            "Name": "Kadabra",
            "Type1": "Psychic",
            "Type2": "",
            "MaxCP": 1140,
            "MaxHP": 75,
            "Icon": "../Bilder/sprites/064MS.png",
            "ImageURL": "http://cdn.bulbagarden.net/upload/thumb/9/97/064Kadabra.png/250px-064Kadabra.png",
            "Total": 400,
            "Hp": 40,
            "Attack": 35,
            "Defence": 30,
            "SpAttack": 120,
            "SpDefence": 70,
            "Speed": 105
        },
        "065": {
            "Name": "Alakazam",
            "Type1": "Psychic",
            "Type2": "",
            "MaxCP": 1826,
            "MaxHP": 99,
            "Icon": "../Bilder/sprites/065MS.png",
            "ImageURL": "http://cdn.bulbagarden.net/upload/thumb/c/cc/065Alakazam.png/250px-065Alakazam.png",
            "Total": 500,
            "Hp": 55,
            "Attack": 50,
            "Defence": 45,
            "SpAttack": 135,
            "SpDefence": 95,
            "Speed": 120
        },
        "066": {
            "Name": "Machop",
            "Type1": "Fighting",
            "Type2": "",
            "MaxCP": 1097,
            "MaxHP": 122,
            "Icon": "../Bilder/sprites/066MS.png",
            "ImageURL": "http://cdn.bulbagarden.net/upload/thumb/8/85/066Machop.png/250px-066Machop.png",
            "Total": 305,
            "Hp": 70,
            "Attack": 80,
            "Defence": 50,
            "SpAttack": 35,
            "SpDefence": 35,
            "Speed": 35
        },
        "067": {
            "Name": "Machoke",
            "Type1": "Fighting",
            "Type2": "",
            "MaxCP": 1773,
            "MaxHP": 138,
            "Icon": "../Bilder/sprites/067MS.png",
            "ImageURL": "http://cdn.bulbagarden.net/upload/thumb/8/8e/067Machoke.png/250px-067Machoke.png",
            "Total": 405,
            "Hp": 80,
            "Attack": 100,
            "Defence": 70,
            "SpAttack": 50,
            "SpDefence": 60,
            "Speed": 45
        },
        "068": {
            "Name": "Machamp",
            "Type1": "Fighting",
            "Type2": "",
            "MaxCP": 2612,
            "MaxHP": 154,
            "Icon": "../Bilder/sprites/068MS.png",
            "ImageURL": "http://cdn.bulbagarden.net/upload/thumb/8/8f/068Machamp.png/250px-068Machamp.png",
            "Total": 505,
            "Hp": 90,
            "Attack": 130,
            "Defence": 80,
            "SpAttack": 65,
            "SpDefence": 85,
            "Speed": 55
        },
        "069": {
            "Name": "Bellsprout",
            "Type1": "Grass",
            "Type2": "Poison",
            "MaxCP": 1125,
            "MaxHP": 91,
            "Icon": "../Bilder/sprites/069MS.png",
            "ImageURL": "http://cdn.bulbagarden.net/upload/thumb/a/a2/069Bellsprout.png/250px-069Bellsprout.png",
            "Total": 300,
            "Hp": 50,
            "Attack": 75,
            "Defence": 35,
            "SpAttack": 70,
            "SpDefence": 30,
            "Speed": 40
        },
        "070": {
            "Name": "Weepinbell",
            "Type1": "Grass",
            "Type2": "Poison",
            "MaxCP": 1736,
            "MaxHP": 115,
            "Icon": "../Bilder/sprites/070MS.png",
            "ImageURL": "http://cdn.bulbagarden.net/upload/thumb/9/9f/070Weepinbell.png/250px-070Weepinbell.png",
            "Total": 390,
            "Hp": 65,
            "Attack": 90,
            "Defence": 50,
            "SpAttack": 85,
            "SpDefence": 45,
            "Speed": 55
        },
        "071": {
            "Name": "Victreebel",
            "Type1": "Grass",
            "Type2": "Poison",
            "MaxCP": 2548,
            "MaxHP": 138,
            "Icon": "../Bilder/sprites/071MS.png",
            "ImageURL": "http://cdn.bulbagarden.net/upload/thumb/b/be/071Victreebel.png/250px-071Victreebel.png",
            "Total": 490,
            "Hp": 80,
            "Attack": 105,
            "Defence": 65,
            "SpAttack": 100,
            "SpDefence": 70,
            "Speed": 70
        },
        "072": {
            "Name": "Tentacool",
            "Type1": "Water",
            "Type2": "Poison",
            "MaxCP": 911,
            "MaxHP": 75,
            "Icon": "../Bilder/sprites/072MS.png",
            "ImageURL": "http://cdn.bulbagarden.net/upload/thumb/4/4e/072Tentacool.png/250px-072Tentacool.png",
            "Total": 335,
            "Hp": 40,
            "Attack": 40,
            "Defence": 35,
            "SpAttack": 50,
            "SpDefence": 100,
            "Speed": 70
        },
        "073": {
            "Name": "Tentacruel",
            "Type1": "Water",
            "Type2": "Poison",
            "MaxCP": 2236,
            "MaxHP": 138,
            "Icon": "../Bilder/sprites/073MS.png",
            "ImageURL": "http://cdn.bulbagarden.net/upload/thumb/f/f6/073Tentacruel.png/250px-073Tentacruel.png",
            "Total": 515,
            "Hp": 80,
            "Attack": 70,
            "Defence": 65,
            "SpAttack": 80,
            "SpDefence": 120,
            "Speed": 100
        },
        "074": {
            "Name": "Geodude",
            "Type1": "Rock",
            "Type2": "Ground",
            "MaxCP": 855,
            "MaxHP": 75,
            "Icon": "../Bilder/sprites/074MS.png",
            "ImageURL": "http://cdn.bulbagarden.net/upload/thumb/9/98/074Geodude.png/250px-074Geodude.png",
            "Total": 300,
            "Hp": 40,
            "Attack": 80,
            "Defence": 100,
            "SpAttack": 30,
            "SpDefence": 30,
            "Speed": 20
        },
        "075": {
            "Name": "Graveler",
            "Type1": "Rock",
            "Type2": "Ground",
            "MaxCP": 1443,
            "MaxHP": 99,
            "Icon": "../Bilder/sprites/075MS.png",
            "ImageURL": "http://cdn.bulbagarden.net/upload/thumb/7/75/075Graveler.png/250px-075Graveler.png",
            "Total": 390,
            "Hp": 55,
            "Attack": 95,
            "Defence": 115,
            "SpAttack": 45,
            "SpDefence": 45,
            "Speed": 35
        },
        "076": {
            "Name": "Golem",
            "Type1": "Rock",
            "Type2": "Ground",
            "MaxCP": 2319,
            "MaxHP": 138,
            "Icon": "../Bilder/sprites/076MS.png",
            "ImageURL": "http://cdn.bulbagarden.net/upload/thumb/f/f2/076Golem.png/250px-076Golem.png",
            "Total": 495,
            "Hp": 80,
            "Attack": 120,
            "Defence": 130,
            "SpAttack": 55,
            "SpDefence": 65,
            "Speed": 45
        },
        "077": {
            "Name": "Ponyta",
            "Type1": "Fire",
            "Type2": "",
            "MaxCP": 1526,
            "MaxHP": 91,
            "Icon": "../Bilder/sprites/077MS.png",
            "ImageURL": "http://cdn.bulbagarden.net/upload/thumb/3/3b/077Ponyta.png/250px-077Ponyta.png",
            "Total": 410,
            "Hp": 50,
            "Attack": 85,
            "Defence": 55,
            "SpAttack": 65,
            "SpDefence": 65,
            "Speed": 90
        },
        "078": {
            "Name": "Rapidash",
            "Type1": "Fire",
            "Type2": "",
            "MaxCP": 2215,
            "MaxHP": 115,
            "Icon": "../Bilder/sprites/078MS.png",
            "ImageURL": "http://cdn.bulbagarden.net/upload/thumb/3/3f/078Rapidash.png/250px-078Rapidash.png",
            "Total": 500,
            "Hp": 65,
            "Attack": 100,
            "Defence": 70,
            "SpAttack": 80,
            "SpDefence": 80,
            "Speed": 105
        },
        "079": {
            "Name": "Slowpoke",
            "Type1": "Water",
            "Type2": "Psychic",
            "MaxCP": 1227,
            "MaxHP": 154,
            "Icon": "../Bilder/sprites/079MS.png",
            "ImageURL": "http://cdn.bulbagarden.net/upload/thumb/7/70/079Slowpoke.png/250px-079Slowpoke.png",
            "Total": 315,
            "Hp": 90,
            "Attack": 65,
            "Defence": 65,
            "SpAttack": 40,
            "SpDefence": 40,
            "Speed": 15
        },
        "080": {
            "Name": "Slowbro",
            "Type1": "Water",
            "Type2": "Psychic",
            "MaxCP": 2615,
            "MaxHP": 162,
            "Icon": "../Bilder/sprites/080MS.png",
            "ImageURL": "http://cdn.bulbagarden.net/upload/thumb/8/80/080Slowbro.png/250px-080Slowbro.png",
            "Total": 490,
            "Hp": 95,
            "Attack": 75,
            "Defence": 110,
            "SpAttack": 100,
            "SpDefence": 80,
            "Speed": 30
        },
        "081": {
            "Name": "Magnemite",
            "Type1": "Electric",
            "Type2": "Steel",
            "MaxCP": 897,
            "MaxHP": 51,
            "Icon": "../Bilder/sprites/081MS.png",
            "ImageURL": "http://cdn.bulbagarden.net/upload/thumb/6/6c/081Magnemite.png/250px-081Magnemite.png",
            "Total": 325,
            "Hp": 25,
            "Attack": 35,
            "Defence": 70,
            "SpAttack": 95,
            "SpDefence": 55,
            "Speed": 45
        },
        "082": {
            "Name": "Magneton",
            "Type1": "Electric",
            "Type2": "Steel",
            "MaxCP": 1893,
            "MaxHP": 91,
            "Icon": "../Bilder/sprites/082MS.png",
            "ImageURL": "http://cdn.bulbagarden.net/upload/thumb/7/72/082Magneton.png/250px-082Magneton.png",
            "Total": 465,
            "Hp": 50,
            "Attack": 60,
            "Defence": 95,
            "SpAttack": 120,
            "SpDefence": 70,
            "Speed": 70
        },
        "083": {
            "Name": "Farfetch'd",
            "Type1": "Normal",
            "Type2": "Flying",
            "MaxCP": 1272,
            "MaxHP": 94,
            "Icon": "../Bilder/sprites/083MS.png",
            "ImageURL": "http://cdn.bulbagarden.net/upload/thumb/f/f8/083Farfetchd.png/250px-083Farfetch&#39;d.png",
            "Total": 377,
            "Hp": 52,
            "Attack": 90,
            "Defence": 55,
            "SpAttack": 58,
            "SpDefence": 62,
            "Speed": 60
        },
        "084": {
            "Name": "Doduo",
            "Type1": "Normal",
            "Type2": "Flying",
            "MaxCP": 861,
            "MaxHP": 67,
            "Icon": "../Bilder/sprites/084MS.png",
            "ImageURL": "http://cdn.bulbagarden.net/upload/thumb/5/54/084Doduo.png/250px-084Doduo.png",
            "Total": 310,
            "Hp": 35,
            "Attack": 85,
            "Defence": 45,
            "SpAttack": 35,
            "SpDefence": 35,
            "Speed": 75
        },
        "085": {
            "Name": "Dodrio",
            "Type1": "Normal",
            "Type2": "Flying",
            "MaxCP": 1849,
            "MaxHP": 107,
            "Icon": "../Bilder/sprites/085MS.png",
            "ImageURL": "http://cdn.bulbagarden.net/upload/thumb/9/93/085Dodrio.png/250px-085Dodrio.png",
            "Total": 470,
            "Hp": 60,
            "Attack": 110,
            "Defence": 70,
            "SpAttack": 60,
            "SpDefence": 60,
            "Speed": 110
        },
        "086": {
            "Name": "Seel",
            "Type1": "Water",
            "Type2": "",
            "MaxCP": 1114,
            "MaxHP": 115,
            "Icon": "../Bilder/sprites/086MS.png",
            "ImageURL": "http://cdn.bulbagarden.net/upload/thumb/1/1f/086Seel.png/250px-086Seel.png",
            "Total": 325,
            "Hp": 65,
            "Attack": 45,
            "Defence": 55,
            "SpAttack": 45,
            "SpDefence": 70,
            "Speed": 45
        },
        "087": {
            "Name": "Dewgong",
            "Type1": "Water",
            "Type2": "Ice",
            "MaxCP": 2161,
            "MaxHP": 154,
            "Icon": "../Bilder/sprites/087MS.png",
            "ImageURL": "http://cdn.bulbagarden.net/upload/thumb/c/c7/087Dewgong.png/250px-087Dewgong.png",
            "Total": 475,
            "Hp": 90,
            "Attack": 70,
            "Defence": 80,
            "SpAttack": 70,
            "SpDefence": 95,
            "Speed": 70
        },
        "088": {
            "Name": "Grimer",
            "Type1": "Poison",
            "Type2": "",
            "MaxCP": 1293,
            "MaxHP": 138,
            "Icon": "../Bilder/sprites/088MS.png",
            "ImageURL": "http://cdn.bulbagarden.net/upload/thumb/a/a0/088Grimer.png/250px-088Grimer.png",
            "Total": 325,
            "Hp": 80,
            "Attack": 80,
            "Defence": 50,
            "SpAttack": 40,
            "SpDefence": 50,
            "Speed": 25
        },
        "089": {
            "Name": "Muk",
            "Type1": "Poison",
            "Type2": "",
            "MaxCP": 2621,
            "MaxHP": 178,
            "Icon": "../Bilder/sprites/089MS.png",
            "ImageURL": "http://cdn.bulbagarden.net/upload/thumb/7/7c/089Muk.png/250px-089Muk.png",
            "Total": 500,
            "Hp": 105,
            "Attack": 105,
            "Defence": 75,
            "SpAttack": 65,
            "SpDefence": 100,
            "Speed": 50
        },
        "090": {
            "Name": "Shellder",
            "Type1": "Water",
            "Type2": "",
            "MaxCP": 828,
            "MaxHP": 59,
            "Icon": "../Bilder/sprites/090MS.png",
            "ImageURL": "http://cdn.bulbagarden.net/upload/thumb/4/40/090Shellder.png/250px-090Shellder.png",
            "Total": 305,
            "Hp": 30,
            "Attack": 65,
            "Defence": 100,
            "SpAttack": 45,
            "SpDefence": 25,
            "Speed": 40
        },
        "091": {
            "Name": "Cloyster",
            "Type1": "Water",
            "Type2": "Ice",
            "MaxCP": 2067,
            "MaxHP": 91,
            "Icon": "../Bilder/sprites/091MS.png",
            "ImageURL": "http://cdn.bulbagarden.net/upload/thumb/1/1d/091Cloyster.png/250px-091Cloyster.png",
            "Total": 525,
            "Hp": 50,
            "Attack": 95,
            "Defence": 180,
            "SpAttack": 85,
            "SpDefence": 45,
            "Speed": 70
        },
        "092": {
            "Name": "Gastly",
            "Type1": "Ghost",
            "Type2": "Poison",
            "MaxCP": 810,
            "MaxHP": 59,
            "Icon": "../Bilder/sprites/092MS.png",
            "ImageURL": "http://cdn.bulbagarden.net/upload/thumb/c/ca/092Gastly.png/250px-092Gastly.png",
            "Total": 310,
            "Hp": 30,
            "Attack": 35,
            "Defence": 30,
            "SpAttack": 100,
            "SpDefence": 35,
            "Speed": 80
        },
        "093": {
            "Name": "Haunter",
            "Type1": "Ghost",
            "Type2": "Poison",
            "MaxCP": 1390,
            "MaxHP": 83,
            "Icon": "../Bilder/sprites/093MS.png",
            "ImageURL": "http://cdn.bulbagarden.net/upload/thumb/6/62/093Haunter.png/250px-093Haunter.png",
            "Total": 405,
            "Hp": 45,
            "Attack": 50,
            "Defence": 45,
            "SpAttack": 115,
            "SpDefence": 55,
            "Speed": 95
        },
        "094": {
            "Name": "Gengar",
            "Type1": "Ghost",
            "Type2": "Poison",
            "MaxCP": 2093,
            "MaxHP": 107,
            "Icon": "../Bilder/sprites/094MS.png",
            "ImageURL": "http://cdn.bulbagarden.net/upload/thumb/c/c6/094Gengar.png/250px-094Gengar.png",
            "Total": 500,
            "Hp": 60,
            "Attack": 65,
            "Defence": 60,
            "SpAttack": 130,
            "SpDefence": 75,
            "Speed": 110
        },
        "095": {
            "Name": "Onix",
            "Type1": "Rock",
            "Type2": "Ground",
            "MaxCP": 863,
            "MaxHP": 67,
            "Icon": "../Bilder/sprites/095MS.png",
            "ImageURL": "http://cdn.bulbagarden.net/upload/thumb/9/9a/095Onix.png/250px-095Onix.png",
            "Total": 385,
            "Hp": 35,
            "Attack": 45,
            "Defence": 160,
            "SpAttack": 30,
            "SpDefence": 45,
            "Speed": 70
        },
        "096": {
            "Name": "Drowzee",
            "Type1": "Psychic",
            "Type2": "",
            "MaxCP": 1082,
            "MaxHP": 107,
            "Icon": "../Bilder/sprites/096MS.png",
            "ImageURL": "http://cdn.bulbagarden.net/upload/thumb/3/3e/096Drowzee.png/250px-096Drowzee.png",
            "Total": 328,
            "Hp": 60,
            "Attack": 48,
            "Defence": 45,
            "SpAttack": 43,
            "SpDefence": 90,
            "Speed": 42
        },
        "097": {
            "Name": "Hypno",
            "Type1": "Psychic",
            "Type2": "",
            "MaxCP": 2199,
            "MaxHP": 146,
            "Icon": "../Bilder/sprites/097MS.png",
            "ImageURL": "http://cdn.bulbagarden.net/upload/thumb/0/0a/097Hypno.png/250px-097Hypno.png",
            "Total": 483,
            "Hp": 85,
            "Attack": 73,
            "Defence": 70,
            "SpAttack": 73,
            "SpDefence": 115,
            "Speed": 67
        },
        "098": {
            "Name": "Krabby",
            "Type1": "Water",
            "Type2": "",
            "MaxCP": 797,
            "MaxHP": 59,
            "Icon": "../Bilder/sprites/098MS.png",
            "ImageURL": "http://cdn.bulbagarden.net/upload/thumb/a/a7/098Krabby.png/250px-098Krabby.png",
            "Total": 325,
            "Hp": 30,
            "Attack": 105,
            "Defence": 90,
            "SpAttack": 25,
            "SpDefence": 25,
            "Speed": 50
        },
        "099": {
            "Name": "Kingler",
            "Type1": "Water",
            "Type2": "",
            "MaxCP": 1836,
            "MaxHP": 99,
            "Icon": "../Bilder/sprites/099MS.png",
            "ImageURL": "http://cdn.bulbagarden.net/upload/thumb/7/71/099Kingler.png/250px-099Kingler.png",
            "Total": 475,
            "Hp": 55,
            "Attack": 130,
            "Defence": 49,
            "SpAttack": 50,
            "SpDefence": 50,
            "Speed": 75
        },


        "398": {
          "Name": "Staraptor, Den kuleste pokemon ;)",
          "Type1": "Normal",
          "Type2": "Flying",
          "MaxCP": 54006,
          "MaxHP": 9001,
          "Icon": "../Bilder/sprites/398MS.png",
          "ImageURL": "https://img.pokemondb.net/artwork/staraptor.jpg",
          "Total": 54006,
          "Hp": 9001,
          "Attack": 9001,
          "Defence": 9001,
          "SpAttack": 9001,
          "SpDefence": 9001,
          "Speed": 9001
        }





    }


}
